grid_row,grid_col,probability
6602,255,6.797600195368065e-05
6602,256,0.00022155141377495915
6602,257,2.265866731789355e-05
6603,254,1.5105778211929033e-05
6603,255,0.00016112830092724302
6603,256,0.00021903378407297098
6603,257,5.790548314572796e-05
6604,254,5.0352594039763445e-06
6604,255,0.00011832859599344409
6604,256,0.000599195869073185
6604,257,2.0141037615905378e-05
6604,258,7.552889105964516e-06
6604,259,2.5176297019881722e-06
6604,261,2.5176297019881722e-06
6605,255,0.00037009156619226133
6605,256,0.0004984906809936581
6605,257,0.0002593158593047817
6605,258,0.00017119881973519572
6605,259,1.5105778211929033e-05
6605,260,7.552889105964516e-06
6605,261,2.5176297019881722e-06
6606,255,5.538785344373979e-05
6606,256,0.0006520660928149366
6606,257,0.00023665719198688817
6606,258,2.265866731789355e-05
6606,259,4.0282075231810756e-05
6607,254,5.0352594039763445e-06
6607,255,4.0282075231810756e-05
6607,256,5.538785344373979e-05
6607,257,7.552889105964516e-06
6607,258,9.566992867555054e-05
6607,259,8.811703956958602e-05
6607,260,2.7693926721869894e-05
6607,261,2.5176297019881722e-06
6608,254,2.5176297019881722e-06
6608,255,1.0070518807952689e-05
6608,256,3.776444552982258e-05
6608,257,5.0352594039763445e-06
6608,258,3.524681582783441e-05
6608,259,0.0002165161543709828
6608,260,3.0211556423858065e-05
6608,261,3.0211556423858065e-05
6609,254,7.552889105964516e-06
6609,255,5.0352594039763445e-06
6609,256,1.0070518807952689e-05
6609,257,3.0211556423858065e-05
6609,258,4.279970493379893e-05
6609,259,1.5105778211929033e-05
6609,261,1.2588148509940862e-05
6609,262,2.0141037615905378e-05
6610,254,3.272918612584624e-05
6610,255,7.552889105964516e-06
6610,256,2.0141037615905378e-05
6610,258,3.776444552982258e-05
6610,259,7.049363165566881e-05
6610,260,1.0070518807952689e-05
6610,261,1.2588148509940862e-05
6610,263,5.0352594039763445e-06
6610,264,5.0352594039763445e-06
6610,265,5.0352594039763445e-06
6611,256,2.5176297019881722e-06
6611,257,5.0352594039763445e-06
6611,258,7.552889105964516e-06
6611,259,8.559940986759786e-05
6611,260,1.2588148509940862e-05
6611,261,7.552889105964516e-06
6611,262,5.0352594039763445e-06
6611,263,5.2870223741751614e-05
6611,264,5.0352594039763445e-06
6611,265,7.552889105964516e-06
6612,254,5.0352594039763445e-06
6612,255,5.0352594039763445e-06
6612,257,4.783496433777527e-05
6612,258,3.0211556423858065e-05
6612,259,6.545837225169248e-05
6612,260,5.0352594039763445e-06
6612,261,2.7693926721869894e-05
6612,262,8.811703956958602e-05
6612,263,1.7623407913917204e-05
6612,264,2.5176297019881722e-06
6612,265,2.5176297019881722e-06
6612,266,2.5176297019881722e-06
6612,304,5.0352594039763445e-06
6613,254,2.5176297019881723e-05
6613,255,3.272918612584624e-05
6613,256,1.2588148509940862e-05
6613,257,0.0001082580771854914
6613,258,0.00019637511675507744
6613,259,0.00011581096629145593
6613,260,7.552889105964516e-06
6613,262,2.5176297019881722e-06
6613,264,3.0211556423858065e-05
6613,265,5.0352594039763445e-06
6613,266,2.5176297019881722e-06
6613,304,1.5105778211929033e-05
6613,305,2.265866731789355e-05
6614,254,5.035259403976345e-05
6614,255,8.056415046362151e-05
6614,256,1.2588148509940862e-05
6614,257,0.0005765372017552914
6614,258,9.315229897356237e-05
6614,259,0.0004707967542717882
6614,260,0.0015005073023849505
6614,261,7.301126135765699e-05
6614,264,2.5176297019881722e-06
6614,265,3.0211556423858065e-05
6614,303,2.7693926721869894e-05
6614,304,2.5176297019881722e-06
6615,254,2.0141037615905378e-05
6615,255,2.0141037615905378e-05
6615,256,1.0070518807952689e-05
6615,257,1.0070518807952689e-05
6615,258,2.7693926721869894e-05
6615,259,0.0004405851978479301
6615,260,0.0011228628470867248
6615,261,2.0141037615905378e-05
6615,262,1.0070518807952689e-05
6615,264,5.0352594039763445e-06
6615,267,1.2588148509940862e-05
6615,268,1.5105778211929033e-05
6615,302,2.5176297019881722e-06
6615,303,3.272918612584624e-05
6616,254,3.0211556423858065e-05
6616,255,5.0352594039763445e-06
6616,257,1.2588148509940862e-05
6616,258,2.5176297019881722e-06
6616,259,0.00034743289887436774
6616,260,0.0003373623800664151
6616,261,7.552889105964516e-06
6616,262,1.7623407913917204e-05
6616,263,1.7623407913917204e-05
6616,264,1.2588148509940862e-05
6616,265,2.5176297019881722e-06
6616,266,3.776444552982258e-05
6616,267,2.5176297019881722e-06
6616,268,2.5176297019881722e-06
6616,302,5.0352594039763445e-06
6616,303,7.552889105964516e-06
6616,307,7.552889105964516e-06
6617,254,1.7623407913917204e-05
6617,255,2.0141037615905378e-05
6617,257,7.552889105964516e-06
6617,258,5.0352594039763445e-06
6617,259,0.0002618334890067699
6617,260,5.0352594039763445e-06
6617,261,5.0352594039763445e-06
6617,262,1.0070518807952689e-05
6617,264,5.0352594039763445e-06
6617,265,1.2588148509940862e-05
6617,266,7.552889105964516e-06
6617,269,2.5176297019881722e-06
6617,270,7.552889105964516e-06
6617,301,5.0352594039763445e-06
6617,302,2.5176297019881722e-06
6618,254,1.2588148509940862e-05
6618,255,3.0211556423858065e-05
6618,256,1.7623407913917204e-05
6618,257,1.2588148509940862e-05
6618,258,2.5176297019881722e-06
6618,259,2.5176297019881722e-06
6618,260,5.0352594039763445e-06
6618,262,1.0070518807952689e-05
6618,263,2.5176297019881722e-06
6618,264,1.7623407913917204e-05
6618,265,0.00015105778211929033
6618,266,7.552889105964516e-06
6618,269,2.5176297019881722e-06
6618,270,2.0141037615905378e-05
6618,271,7.552889105964516e-06
6618,306,6.29407425497043e-05
6619,254,0.0001007051880795269
6619,255,3.0211556423858065e-05
6619,256,4.0282075231810756e-05
6619,257,1.2588148509940862e-05
6619,258,1.7623407913917204e-05
6619,259,2.0141037615905378e-05
6619,260,1.2588148509940862e-05
6619,261,1.0070518807952689e-05
6619,262,1.5105778211929033e-05
6619,263,7.301126135765699e-05
6619,264,0.00014854015241730215
6619,265,6.29407425497043e-05
6619,266,5.0352594039763445e-06
6619,267,1.2588148509940862e-05
6619,268,2.5176297019881722e-06
6619,270,4.279970493379893e-05
6619,271,7.552889105964516e-06
6619,273,2.5176297019881722e-06
6619,300,2.5176297019881722e-06
6619,302,2.0141037615905378e-05
6619,305,2.5176297019881722e-06
6620,253,1.0070518807952689e-05
6620,254,0.0005488432750334215
6620,255,2.5176297019881723e-05
6620,256,1.2588148509940862e-05
6620,257,3.776444552982258e-05
6620,258,5.0352594039763445e-06
6620,259,2.265866731789355e-05
6620,260,8.056415046362151e-05
6620,261,2.7693926721869894e-05
6620,262,0.0007150068353646409
6620,263,0.0007326302432785581
6620,264,7.049363165566881e-05
6620,265,8.811703956958602e-05
6620,266,2.5176297019881722e-06
6620,267,7.552889105964516e-06
6620,268,7.552889105964516e-06
6620,269,2.0141037615905378e-05
6620,270,2.0141037615905378e-05
6620,271,8.056415046362151e-05
6620,272,2.5176297019881722e-06
6620,273,5.0352594039763445e-06
6620,301,1.0070518807952689e-05
6620,302,3.272918612584624e-05
6620,303,2.5176297019881722e-06
6620,304,7.552889105964516e-06
6620,305,1.5105778211929033e-05
6621,253,0.0008207472828481441
6621,254,0.0010448163263250914
6621,255,0.000453173346357871
6621,256,3.524681582783441e-05
6621,257,5.0352594039763445e-06
6621,258,8.559940986759786e-05
6621,259,9.818755837753872e-05
6621,260,0.0002870097860266516
6621,261,0.00024672771079484087
6621,262,0.0007376655026825345
6621,263,0.001812693385431484
6621,264,0.000380162085000214
6621,265,2.5176297019881722e-06
6621,266,7.552889105964516e-06
6621,267,2.7693926721869894e-05
6621,268,2.5176297019881723e-05
6621,269,1.2588148509940862e-05
6621,270,1.0070518807952689e-05
6621,271,3.776444552982258e-05
6621,272,2.5176297019881722e-06
6621,273,2.0141037615905378e-05
6621,298,2.5176297019881722e-06
6621,299,7.552889105964516e-06
6621,300,2.5176297019881722e-06
6621,301,5.0352594039763445e-06
6622,252,2.5176297019881722e-06
6622,253,0.0010624397342390087
6622,254,0.0015332364885107968
6622,255,0.0008811703956958602
6622,256,1.0070518807952689e-05
6622,257,1.5105778211929033e-05
6622,259,1.0070518807952689e-05
6622,260,4.279970493379893e-05
6622,261,2.7693926721869894e-05
6622,262,0.00011329333658946775
6622,263,0.00034743289887436774
6622,264,0.00013343437420537313
6622,265,2.265866731789355e-05
6622,267,5.538785344373979e-05
6622,268,0.0006319250551990312
6622,269,5.0352594039763445e-06
6622,270,1.0070518807952689e-05
6622,271,2.265866731789355e-05
6622,286,1.5105778211929033e-05
6622,297,2.5176297019881722e-06
6622,298,2.0141037615905378e-05
6622,300,1.7623407913917204e-05
6622,301,2.5176297019881722e-06
6622,304,7.552889105964516e-06
6623,251,7.552889105964516e-06
6623,253,0.0004028207523181076
6623,254,5.2870223741751614e-05
6623,255,0.0008937585442058011
6623,256,4.279970493379893e-05
6623,257,2.5176297019881722e-06
6623,258,7.552889105964516e-06
6623,259,2.265866731789355e-05
6623,260,5.2870223741751614e-05
6623,261,5.0352594039763445e-06
6623,262,1.7623407913917204e-05
6623,263,1.5105778211929033e-05
6623,264,5.2870223741751614e-05
6623,265,1.5105778211929033e-05
6623,266,2.5176297019881722e-06
6623,267,4.0282075231810756e-05
6623,268,0.0001812693385431484
6623,270,5.0352594039763445e-06
6623,276,5.0352594039763445e-06
6623,277,1.7623407913917204e-05
6623,280,2.5176297019881722e-06
6623,298,5.0352594039763445e-06
6623,299,2.5176297019881722e-06
6623,301,2.5176297019881722e-06
6623,303,5.0352594039763445e-06
6623,305,1.0070518807952689e-05
6624,253,5.790548314572796e-05
6624,254,4.279970493379893e-05
6624,255,0.0008308178016560968
6624,256,0.00013846963360934948
6624,257,3.0211556423858065e-05
6624,258,5.538785344373979e-05
6624,259,6.545837225169248e-05
6624,260,1.5105778211929033e-05
6624,261,3.0211556423858065e-05
6624,262,3.776444552982258e-05
6624,263,3.0211556423858065e-05
6624,264,5.790548314572796e-05
6624,265,7.552889105964516e-06
6624,266,2.5176297019881722e-06
6624,267,2.5176297019881722e-06
6624,268,1.5105778211929033e-05
6624,269,2.0141037615905378e-05
6624,270,1.5105778211929033e-05
6624,271,5.0352594039763445e-06
6624,277,3.272918612584624e-05
6624,281,5.0352594039763445e-06
6624,285,5.0352594039763445e-06
6624,286,4.279970493379893e-05
6624,297,2.5176297019881722e-06
6624,298,2.5176297019881722e-06
6624,299,5.0352594039763445e-06
6624,300,2.5176297019881723e-05
6624,301,2.5176297019881722e-06
6624,302,2.5176297019881722e-06
6624,305,2.5176297019881722e-06
6624,306,2.5176297019881722e-06
6624,307,2.5176297019881722e-06
6624,310,5.0352594039763445e-06
6625,252,7.552889105964516e-06
6625,253,4.0282075231810756e-05
6625,254,4.783496433777527e-05
6625,255,9.315229897356237e-05
6625,258,2.0141037615905378e-05
6625,259,4.53173346357871e-05
6625,260,2.7693926721869894e-05
6625,261,1.5105778211929033e-05
6625,262,3.0211556423858065e-05
6625,263,6.545837225169248e-05
6625,265,1.5105778211929033e-05
6625,266,0.00012084622569543226
6625,267,1.2588148509940862e-05
6625,268,1.2588148509940862e-05
6625,269,7.552889105964516e-06
6625,270,1.2588148509940862e-05
6625,277,1.5105778211929033e-05
6625,280,4.53173346357871e-05
6625,281,2.5176297019881723e-05
6625,282,1.7623407913917204e-05
6625,283,1.2588148509940862e-05
6625,285,1.7623407913917204e-05
6625,286,1.2588148509940862e-05
6625,297,3.0211556423858065e-05
6625,298,1.5105778211929033e-05
6625,299,1.0070518807952689e-05
6625,300,0.0005186317186095634
6625,301,0.0001535754118212785
6625,302,1.5105778211929033e-05
6625,303,5.0352594039763445e-06
6625,306,2.5176297019881722e-06
6625,309,2.5176297019881722e-06
6625,310,2.5176297019881722e-06
6626,252,3.524681582783441e-05
6626,253,7.049363165566881e-05
6626,254,4.783496433777527e-05
6626,255,0.00010574044748350323
6626,256,7.552889105964516e-06
6626,257,5.0352594039763445e-06
6626,258,1.0070518807952689e-05
6626,260,9.566992867555054e-05
6626,261,5.790548314572796e-05
6626,262,3.776444552982258e-05
6626,263,1.5105778211929033e-05
6626,264,0.0001535754118212785
6626,265,0.000981875583775387
6626,266,0.001110274698576784
6626,267,5.790548314572796e-05
6626,268,1.7623407913917204e-05
6626,269,2.5176297019881722e-06
6626,270,1.5105778211929033e-05
6626,277,7.552889105964516e-06
6626,278,5.538785344373979e-05
6626,279,1.2588148509940862e-05
6626,280,2.7693926721869894e-05
6626,281,1.5105778211929033e-05
6626,282,5.0352594039763445e-06
6626,284,2.5176297019881722e-06
6626,285,3.0211556423858065e-05
6626,286,2.5176297019881722e-06
6626,287,5.0352594039763445e-06
6626,297,1.2588148509940862e-05
6626,298,3.524681582783441e-05
6626,299,1.2588148509940862e-05
6626,300,2.5176297019881722e-06
6626,301,2.265866731789355e-05
6626,302,2.5176297019881722e-06
6626,310,7.552889105964516e-06
6626,311,1.0070518807952689e-05
6627,252,1.5105778211929033e-05
6627,253,2.5176297019881723e-05
6627,254,1.2588148509940862e-05
6627,255,2.0141037615905378e-05
6627,256,3.524681582783441e-05
6627,259,0.0001082580771854914
6627,261,5.0352594039763445e-06
6627,262,9.566992867555054e-05
6627,263,0.0007477360214904872
6627,264,0.0012764382589080033
6627,265,0.003685809883710684
6627,266,0.00146022522715314
6627,267,0.00032225660185448605
6627,268,5.0352594039763445e-06
6627,270,1.2588148509940862e-05
6627,275,5.0352594039763445e-06
6627,276,2.5176297019881722e-06
6627,277,0.000687312908642771
6627,278,0.0002265866731789355
6627,279,7.049363165566881e-05
6627,280,4.0282075231810756e-05
6627,281,0.0001359520039073613
6627,283,1.0070518807952689e-05
6627,284,2.0141037615905378e-05
6627,286,5.0352594039763445e-06
6627,297,5.0352594039763445e-06
6627,298,2.5176297019881722e-06
6627,299,7.552889105964516e-06
6627,301,2.7693926721869894e-05
6627,302,2.5176297019881722e-06
6627,310,2.5176297019881722e-06
6627,311,2.5176297019881723e-05
6628,252,5.035259403976345e-05
6628,253,3.0211556423858065e-05
6628,254,1.0070518807952689e-05
6628,256,7.552889105964516e-05
6628,257,7.552889105964516e-06
6628,258,4.0282075231810756e-05
6628,259,4.0282075231810756e-05
6628,260,0.0001913398573511011
6628,261,0.0002517629701988172
6628,262,9.06346692715742e-05
6628,263,8.056415046362151e-05
6628,264,0.0007427007620865108
6628,265,0.0003927502335101549
6628,266,0.0071399978348384565
6628,267,0.0004884201621857054
6628,268,2.0141037615905378e-05
6628,269,3.524681582783441e-05
6628,270,1.5105778211929033e-05
6628,272,2.5176297019881722e-06
6628,273,5.0352594039763445e-06
6628,274,2.265866731789355e-05
6628,275,6.042311284771613e-05
6628,276,0.0004028207523181076
6628,277,0.00029456267513261616
6628,278,7.301126135765699e-05
6628,279,2.265866731789355e-05
6628,281,2.5176297019881722e-06
6628,282,3.524681582783441e-05
6628,283,1.2588148509940862e-05
6628,284,1.0070518807952689e-05
6628,285,1.5105778211929033e-05
6628,286,1.7623407913917204e-05
6628,296,5.0352594039763445e-06
6628,299,5.0352594039763445e-06
6628,300,1.0070518807952689e-05
6628,301,1.7623407913917204e-05
6628,302,5.0352594039763445e-06
6628,311,5.0352594039763445e-06
6629,252,0.0002341395622849
6629,253,3.272918612584624e-05
6629,254,2.0141037615905378e-05
6629,256,5.0352594039763445e-06
6629,257,6.797600195368065e-05
6629,258,2.0141037615905378e-05
6629,259,8.811703956958602e-05
6629,260,0.00017371644943718387
6629,261,0.0005337374968214925
6629,262,0.0002593158593047817
6629,265,2.0141037615905378e-05
6629,266,4.279970493379893e-05
6629,267,1.0070518807952689e-05
6629,269,7.552889105964516e-06
6629,270,7.552889105964516e-06
6629,271,2.7693926721869894e-05
6629,272,3.0211556423858065e-05
6629,273,5.0352594039763445e-06
6629,274,4.279970493379893e-05
6629,275,0.0001812693385431484
6629,276,0.00015861067122525485
6629,277,2.5176297019881722e-06
6629,278,7.552889105964516e-06
6629,283,1.7623407913917204e-05
6629,284,1.2588148509940862e-05
6629,285,5.0352594039763445e-06
6629,286,5.0352594039763445e-06
6629,295,2.5176297019881722e-06
6629,299,5.0352594039763445e-06
6629,300,4.279970493379893e-05
6629,301,1.0070518807952689e-05
6629,302,5.0352594039763445e-06
6630,251,3.524681582783441e-05
6630,252,0.001241191443080169
6630,253,0.0002165161543709828
6630,254,3.524681582783441e-05
6630,255,5.0352594039763445e-06
6630,256,4.279970493379893e-05
6630,257,7.552889105964516e-06
6630,258,3.272918612584624e-05
6630,259,4.0282075231810756e-05
6630,260,0.00010574044748350323
6630,261,0.0001082580771854914
6630,262,0.0006621366116228893
6630,263,5.2870223741751614e-05
6630,264,1.0070518807952689e-05
6630,265,0.00021148089496700646
6630,266,0.0004959730512916699
6630,267,2.5176297019881722e-06
6630,269,5.0352594039763445e-06
6630,271,1.2588148509940862e-05
6630,273,5.0352594039763445e-06
6630,274,1.0070518807952689e-05
6630,275,0.00012084622569543226
6630,276,1.5105778211929033e-05
6630,282,1.0070518807952689e-05
6630,283,9.566992867555054e-05
6630,284,3.524681582783441e-05
6630,285,1.5105778211929033e-05
6630,286,1.0070518807952689e-05
6630,287,2.5176297019881722e-06
6630,289,5.0352594039763445e-06
6630,290,2.5176297019881723e-05
6630,291,3.776444552982258e-05
6630,292,2.5176297019881722e-06
6630,293,5.0352594039763445e-06
6630,298,5.0352594039763445e-06
6630,299,2.5176297019881722e-06
6630,300,2.7693926721869894e-05
6630,301,1.0070518807952689e-05
6630,302,1.0070518807952689e-05
6630,303,7.552889105964516e-06
6630,311,2.5176297019881722e-06
6631,252,0.00022910430288092368
6631,253,0.0002970803048346043
6631,254,0.00018630459794712474
6631,255,7.552889105964516e-05
6631,256,4.53173346357871e-05
6631,257,1.0070518807952689e-05
6631,258,0.00010322281778151505
6631,259,7.049363165566881e-05
6631,260,5.2870223741751614e-05
6631,262,0.00033232712066243875
6631,263,5.790548314572796e-05
6631,264,7.552889105964516e-05
6631,265,0.0008182296531461559
6631,266,0.002016621391292526
6631,267,0.00017371644943718387
6631,269,7.552889105964516e-06
6631,270,7.049363165566881e-05
6631,271,2.5176297019881723e-05
6631,272,1.0070518807952689e-05
6631,273,5.0352594039763445e-06
6631,275,7.552889105964516e-05
6631,282,2.5176297019881723e-05
6631,283,0.0010271929184111743
6631,284,9.566992867555054e-05
6631,289,7.552889105964516e-06
6631,290,7.552889105964516e-06
6631,291,2.265866731789355e-05
6631,295,5.0352594039763445e-06
6631,298,1.0070518807952689e-05
6631,299,2.5176297019881722e-06
6631,300,2.5176297019881722e-06
6631,301,0.00011581096629145593
6631,302,1.0070518807952689e-05
6631,303,7.552889105964516e-06
6631,304,5.0352594039763445e-06
6631,311,5.0352594039763445e-06
6631,319,5.0352594039763445e-06
6631,321,5.0352594039763445e-06
6632,251,5.0352594039763445e-06
6632,252,0.00011077570688747958
6632,253,3.524681582783441e-05
6632,254,2.5176297019881722e-06
6632,255,1.7623407913917204e-05
6632,256,5.035259403976345e-05
6632,257,3.0211556423858065e-05
6632,258,2.5176297019881723e-05
6632,259,1.7623407913917204e-05
6632,260,1.0070518807952689e-05
6632,262,2.0141037615905378e-05
6632,263,1.5105778211929033e-05
6632,264,0.0005765372017552914
6632,265,0.0003927502335101549
6632,266,0.0007703946888083807
6632,267,0.0005362551265234806
6632,268,1.7623407913917204e-05
6632,270,4.53173346357871e-05
6632,271,2.0141037615905378e-05
6632,272,7.552889105964516e-06
6632,274,8.056415046362151e-05
6632,281,2.5176297019881722e-06
6632,282,6.042311284771613e-05
6632,283,1.7623407913917204e-05
6632,284,2.7693926721869894e-05
6632,285,1.5105778211929033e-05
6632,289,5.0352594039763445e-06
6632,290,1.0070518807952689e-05
6632,291,1.7623407913917204e-05
6632,294,7.552889105964516e-06
6632,298,4.279970493379893e-05
6632,300,2.0141037615905378e-05
6632,301,1.5105778211929033e-05
6632,302,5.0352594039763445e-06
6632,303,2.5176297019881723e-05
6632,304,2.265866731789355e-05
6632,314,7.552889105964516e-06
6633,252,4.279970493379893e-05
6633,254,5.0352594039763445e-06
6633,256,3.776444552982258e-05
6633,257,7.552889105964516e-06
6633,258,7.804652076163334e-05
6633,259,5.035259403976345e-05
6633,260,5.0352594039763445e-06
6633,263,3.272918612584624e-05
6633,264,0.0017371644943718388
6633,265,0.00034239763947039144
6633,270,0.00011832859599344409
6633,271,5.2870223741751614e-05
6633,272,2.0141037615905378e-05
6633,274,2.265866731789355e-05
6633,275,2.5176297019881722e-06
6633,283,5.0352594039763445e-06
6633,284,5.0352594039763445e-06
6633,285,2.7693926721869894e-05
6633,289,2.5176297019881722e-06
6633,290,4.53173346357871e-05
6633,291,5.0352594039763445e-06
6633,298,5.0352594039763445e-06
6633,301,0.00035750341768232043
6633,302,0.00018882222764911291
6633,303,5.0352594039763445e-06
6633,304,5.0352594039763445e-06
6633,305,2.265866731789355e-05
6633,306,7.552889105964516e-06
6633,314,7.552889105964516e-06
6633,315,1.0070518807952689e-05
6633,316,5.0352594039763445e-06
6634,252,0.0001258814850994086
6634,253,0.0001007051880795269
6634,255,1.5105778211929033e-05
6634,257,4.0282075231810756e-05
6634,258,0.0002341395622849
6634,259,6.797600195368065e-05
6634,260,5.2870223741751614e-05
6634,261,2.0141037615905378e-05
6634,262,3.0211556423858065e-05
6634,263,0.0001007051880795269
6634,264,0.0005815724611592678
6634,265,1.0070518807952689e-05
6634,267,1.2588148509940862e-05
6634,268,2.7693926721869894e-05
6634,269,3.524681582783441e-05
6634,270,9.06346692715742e-05
6634,271,2.7693926721869894e-05
6634,272,3.524681582783441e-05
6634,273,0.00012084622569543226
6634,285,1.5105778211929033e-05
6634,286,7.552889105964516e-06
6634,289,5.0352594039763445e-06
6634,290,4.0282075231810756e-05
6634,298,2.5176297019881723e-05
6634,300,0.00014602252271531398
6634,301,0.00017875170884116022
6634,302,9.818755837753872e-05
6634,303,1.0070518807952689e-05
6634,304,1.5105778211929033e-05
6634,315,2.5176297019881722e-06
6634,316,5.035259403976345e-05
6635,242,3.272918612584624e-05
6635,243,0.0001913398573511011
6635,244,0.0002165161543709828
6635,245,8.811703956958602e-05
6635,246,9.566992867555054e-05
6635,253,0.0002014103761590538
6635,254,2.5176297019881722e-06
6635,255,3.776444552982258e-05
6635,256,7.552889105964516e-06
6635,257,2.7693926721869894e-05
6635,258,0.00019637511675507744
6635,259,1.0070518807952689e-05
6635,260,3.776444552982258e-05
6635,261,1.5105778211929033e-05
6635,262,6.042311284771613e-05
6635,264,0.00032980949096045054
6635,265,0.0003851973444041903
6635,268,0.00028449215632466346
6635,269,0.0001988927464570656
6635,272,4.0282075231810756e-05
6635,275,5.0352594039763445e-06
6635,285,5.538785344373979e-05
6635,286,7.552889105964516e-06
6635,289,1.0070518807952689e-05
6635,290,4.279970493379893e-05
6635,295,2.5176297019881722e-06
6635,296,2.7693926721869894e-05
6635,297,0.00012336385539742044
6635,298,0.00012839911480139678
6635,299,2.5176297019881723e-05
6635,300,2.265866731789355e-05
6635,302,5.790548314572796e-05
6635,303,1.0070518807952689e-05
6635,304,5.0352594039763445e-06
6635,305,2.5176297019881722e-06
6635,312,5.0352594039763445e-06
6635,315,2.5176297019881722e-06
6635,316,4.53173346357871e-05
6636,243,0.0008283001719541086
6636,244,0.0005689843126493269
6636,245,8.056415046362151e-05
6636,246,0.0004808672730797409
6636,247,2.5176297019881723e-05
6636,253,0.00031973897215249785
6636,254,0.00027693926721869896
6636,255,4.0282075231810756e-05
6636,256,5.0352594039763445e-06
6636,258,0.0001258814850994086
6636,260,2.5176297019881722e-06
6636,262,7.552889105964516e-05
6636,263,1.5105778211929033e-05
6636,264,0.0009340406194376119
6636,265,0.0011178275876827484
6636,266,4.0282075231810756e-05
6636,268,5.0352594039763445e-06
6636,269,2.0141037615905378e-05
6636,271,3.272918612584624e-05
6636,285,1.2588148509940862e-05
6636,286,1.7623407913917204e-05
6636,295,5.0352594039763445e-06
6636,296,7.552889105964516e-06
6636,297,5.0352594039763445e-06
6636,298,2.5176297019881722e-06
6636,301,1.2588148509940862e-05
6636,302,0.0001535754118212785
6636,303,0.0001007051880795269
6636,316,8.559940986759786e-05
6637,241,2.5176297019881722e-06
6637,242,2.5176297019881722e-06
6637,243,0.0001535754118212785
6637,244,0.00022406904347694733
6637,245,7.804652076163334e-05
6637,246,0.00015105778211929033
6637,247,0.0002895274157286398
6637,253,6.797600195368065e-05
6637,254,0.0004909377918876935
6637,256,2.5176297019881723e-05
6637,257,0.00015609304152326668
6637,258,0.00040785601172208387
6637,259,5.0352594039763445e-06
6637,261,2.5176297019881722e-06
6637,263,0.0007099715759606646
6637,264,0.0026963814108293322
6637,265,0.0009038290630137538
6637,268,3.524681582783441e-05
6637,269,6.545837225169248e-05
6637,270,3.0211556423858065e-05
6637,275,1.7623407913917204e-05
6637,284,1.0070518807952689e-05
6637,285,7.049363165566881e-05
6637,291,5.0352594039763445e-06
6637,295,2.5176297019881722e-06
6637,296,7.552889105964516e-06
6637,300,5.0352594039763445e-06
6637,302,5.0352594039763445e-06
6637,303,2.0141037615905378e-05
6637,304,2.5176297019881723e-05
6637,306,2.5176297019881723e-05
6637,315,7.552889105964516e-06
6637,316,2.0141037615905378e-05
6638,240,0.00026686874841074627
6638,241,0.00011077570688747958
6638,242,2.5176297019881723e-05
6638,243,5.0352594039763445e-06
6638,244,0.00017623407913917204
6638,245,8.811703956958602e-05
6638,246,0.0006747247601328302
6638,247,6.042311284771613e-05
6638,254,9.566992867555054e-05
6638,256,5.0352594039763445e-06
6638,257,7.552889105964516e-06
6638,258,0.00015861067122525485
6638,261,2.5176297019881723e-05
6638,262,7.552889105964516e-06
6638,263,0.0009138995818217065
6638,264,0.0007401831323845227
6638,265,0.0024043363653987043
6638,266,0.0009969813619873163
6638,267,0.00031973897215249785
6638,268,6.797600195368065e-05
6638,269,6.29407425497043e-05
6638,270,0.0001007051880795269
6638,283,0.0003524681582783441
6638,284,0.000307150823642557
6638,285,2.265866731789355e-05
6638,289,1.0070518807952689e-05
6638,295,2.5176297019881722e-06
6638,296,1.7623407913917204e-05
6638,302,2.5176297019881722e-06
6638,303,1.0070518807952689e-05
6638,304,7.552889105964516e-06
6638,305,3.776444552982258e-05
6638,307,1.7623407913917204e-05
6638,315,2.0141037615905378e-05
6638,316,3.524681582783441e-05
6639,239,0.00012084622569543226
6639,240,0.0005337374968214925
6639,241,1.2588148509940862e-05
6639,243,0.0003373623800664151
6639,244,0.0012739206292060152
6639,245,0.0005840900908612559
6639,246,0.000395267863212143
6639,247,5.0352594039763445e-06
6639,253,1.2588148509940862e-05
6639,254,0.00017875170884116022
6639,255,0.00029456267513261616
6639,256,2.265866731789355e-05
6639,258,0.0002064456355630301
6639,261,5.0352594039763445e-06
6639,262,6.797600195368065e-05
6639,263,0.0016691884924181582
6639,264,0.0016012124904644775
6639,265,0.0010221576590071979
6639,266,0.0020997031714581355
6639,267,0.00014854015241730215
6639,268,0.0001007051880795269
6639,269,1.0070518807952689e-05
6639,270,2.5176297019881722e-06
6639,271,2.5176297019881722e-06
6639,282,6.545837225169248e-05
6639,283,0.0008056415046362151
6639,284,0.00012084622569543226
6639,288,7.552889105964516e-06
6639,289,1.7623407913917204e-05
6639,295,5.0352594039763445e-06
6639,296,7.552889105964516e-06
6639,303,7.552889105964516e-06
6639,304,2.5176297019881723e-05
6639,307,2.265866731789355e-05
6639,308,1.7623407913917204e-05
6639,313,1.0070518807952689e-05
6639,314,2.5176297019881723e-05
6639,315,1.5105778211929033e-05
6639,316,1.0070518807952689e-05
6640,239,0.00014098726331133763
6640,240,0.0002618334890067699
6640,241,0.0008736175065898957
6640,242,8.056415046362151e-05
6640,243,0.001855493090365283
6640,244,0.0021450205060939225
6640,245,0.0006243721660930667
6640,246,0.0009843932134773754
6640,255,0.0011153099579807603
6640,256,8.056415046362151e-05
6640,257,0.00030211556423858065
6640,258,0.0012336385539742044
6640,262,3.0211556423858065e-05
6640,263,0.0014098726331133763
6640,264,0.004204441602320247
6640,265,0.0011883212193384172
6640,266,0.0012462267024841453
6640,267,0.0003348447503644269
6640,268,7.049363165566881e-05
6640,269,5.0352594039763445e-06
6640,282,3.0211556423858065e-05
6640,283,2.265866731789355e-05
6640,288,1.5105778211929033e-05
6640,289,5.538785344373979e-05
6640,290,7.552889105964516e-06
6640,295,3.524681582783441e-05
6640,304,5.0352594039763445e-06
6640,305,1.7623407913917204e-05
6640,306,1.5105778211929033e-05
6640,307,7.552889105964516e-06
6640,313,2.265866731789355e-05
6641,239,1.2588148509940862e-05
6641,240,7.301126135765699e-05
6641,241,0.0002341395622849
6641,242,0.0006646542413248775
6641,243,0.0013267908529477667
6641,244,0.003451670321425784
6641,245,0.0007326302432785581
6641,246,0.0007678770591063926
6641,247,1.2588148509940862e-05
6641,248,3.0211556423858065e-05
6641,255,0.0027416987454651196
6641,256,0.0009441111382455646
6641,257,0.00020896326526501828
6641,258,0.0008383706907620613
6641,263,0.0005916429799672205
6641,264,0.001711988197351957
6641,265,0.0032578128343726948
6641,266,0.002958214899836102
6641,267,0.00044813808695389466
6641,281,4.279970493379893e-05
6641,282,2.265866731789355e-05
6641,288,3.0211556423858065e-05
6641,289,7.552889105964516e-05
6641,290,7.552889105964516e-06
6641,293,1.2588148509940862e-05
6641,294,1.0070518807952689e-05
6641,304,5.0352594039763445e-06
6641,305,1.5105778211929033e-05
6641,306,1.7623407913917204e-05
6641,307,1.0070518807952689e-05
6641,313,2.5176297019881722e-06
6641,314,2.5176297019881722e-06
6641,320,1.0070518807952689e-05
6641,321,2.5176297019881722e-06
6642,239,1.5105778211929033e-05
6642,240,1.2588148509940862e-05
6642,241,4.0282075231810756e-05
6642,242,8.308178016560969e-05
6642,243,0.0007049363165566882
6642,244,0.001316720334139814
6642,245,0.0005966782393711968
6642,246,0.0006117840175831258
6642,247,6.797600195368065e-05
6642,248,8.056415046362151e-05
6642,256,0.0014123902628153647
6642,257,0.0006545837225169248
6642,258,0.00022910430288092368
6642,263,0.0004431028275499183
6642,264,0.002235655175365497
6642,265,0.001329308482649755
6642,266,0.001362037668775601
6642,267,0.0002442100810928527
6642,281,0.00016616356033121937
6642,287,5.0352594039763445e-06
6642,288,2.7693926721869894e-05
6642,289,1.0070518807952689e-05
6642,290,2.5176297019881722e-06
6642,291,1.0070518807952689e-05
6642,292,2.265866731789355e-05
6642,306,4.279970493379893e-05
6642,307,0.001125380476788713
6642,308,0.00011581096629145593
6642,309,6.29407425497043e-05
6643,239,1.7623407913917204e-05
6643,242,2.0141037615905378e-05
6643,243,0.00021399852466899463
6643,244,0.0002064456355630301
6643,245,0.0006948657977487355
6643,246,0.0006268897957950549
6643,247,0.0004909377918876935
6643,249,1.0070518807952689e-05
6643,250,2.7693926721869894e-05
6643,256,0.000790535726424286
6643,257,0.002459724218842444
6643,258,1.0070518807952689e-05
6643,262,6.545837225169248e-05
6643,263,9.818755837753872e-05
6643,264,0.0022608314723853787
6643,265,0.00195619827844481
6643,266,0.002472312367352385
6643,267,0.0008283001719541086
6643,280,2.265866731789355e-05
6643,281,7.804652076163334e-05
6643,287,1.0070518807952689e-05
6643,288,5.2870223741751614e-05
6643,289,6.29407425497043e-05
6643,290,3.524681582783441e-05
6643,291,7.552889105964516e-06
6643,306,9.06346692715742e-05
6643,307,0.0021727144328157924
6643,308,0.000395267863212143
6643,309,5.538785344373979e-05
6644,242,5.0352594039763445e-06
6644,243,4.53173346357871e-05
6644,244,5.790548314572796e-05
6644,245,0.00026686874841074627
6644,246,0.0005035259403976344
6644,247,0.0013519671499676485
6644,248,0.0003096684533445452
6644,249,0.0003172213424505097
6644,250,3.524681582783441e-05
6644,251,1.2588148509940862e-05
6644,256,0.00023917482168887635
6644,257,0.0004808672730797409
6644,262,0.00015609304152326668
6644,263,0.0005135964592055871
6644,264,0.0033560003927502334
6644,265,0.004363052273545502
6644,266,0.0038947731489757022
6644,267,0.0028121923771207884
6644,268,6.042311284771613e-05
6644,269,3.776444552982258e-05
6644,275,1.2588148509940862e-05
6644,280,1.0070518807952689e-05
6644,281,3.776444552982258e-05
6644,282,2.5176297019881722e-06
6644,287,5.035259403976345e-05
6644,288,0.0001258814850994086
6644,289,8.559940986759786e-05
6644,306,7.552889105964516e-06
6644,307,0.00013343437420537313
6645,243,2.5176297019881722e-06
6645,245,5.0352594039763445e-06
6645,246,0.00020896326526501828
6645,247,0.0010775455124509377
6645,248,0.0006117840175831258
6645,249,0.00023665719198688817
6645,250,0.00016112830092724302
6645,253,3.0211556423858065e-05
6645,254,0.0001359520039073613
6645,262,0.0001535754118212785
6645,263,0.0007225597244706054
6645,264,0.00190081042500107
6645,265,0.0028096747474188003
6645,266,0.000994463732285328
6645,267,0.004695379394207941
6645,268,0.000614301647285114
6645,275,9.818755837753872e-05
6645,281,2.7693926721869894e-05
6645,282,3.272918612584624e-05
6645,287,1.7623407913917204e-05
6645,307,3.524681582783441e-05
6645,309,7.552889105964516e-06
6646,241,2.5176297019881722e-06
6646,243,1.0070518807952689e-05
6646,245,5.0352594039763445e-06
6646,246,0.00032980949096045054
6646,247,0.00122608566486824
6646,248,0.000994463732285328
6646,249,0.00023917482168887635
6646,250,1.7623407913917204e-05
6646,253,7.804652076163334e-05
6646,254,0.000556396164139386
6646,255,0.00018630459794712474
6646,261,7.552889105964516e-06
6646,263,0.0009617345461594818
6646,264,0.0010876160312588905
6646,265,0.0021248794684780173
6646,266,0.0004128912711260602
6646,267,0.0032401894264587777
6646,268,0.0008937585442058011
6646,271,3.0211556423858065e-05
6646,273,2.5176297019881722e-06
6646,274,1.0070518807952689e-05
6646,275,2.265866731789355e-05
6646,281,0.00016616356033121937
6646,282,7.804652076163334e-05
6646,286,2.5176297019881723e-05
6646,297,2.5176297019881722e-06
6646,299,7.552889105964516e-06
6646,300,2.5176297019881722e-06
6646,301,2.5176297019881722e-06
6646,302,1.2588148509940862e-05
6646,306,1.2588148509940862e-05
6646,308,1.0070518807952689e-05
6646,309,1.2588148509940862e-05
6646,310,2.0141037615905378e-05
6647,243,1.5105778211929033e-05
6647,244,4.53173346357871e-05
6647,245,2.265866731789355e-05
6647,246,0.00012084622569543226
6647,247,0.00031973897215249785
6647,248,0.0008660646174839312
6647,249,0.004707967542717882
6647,250,0.00034239763947039144
6647,251,0.0026132996306637226
6647,252,0.0007275949838745818
6647,253,0.00014098726331133763
6647,254,0.0005765372017552914
6647,255,0.0012764382589080033
6647,257,1.0070518807952689e-05
6647,258,0.0004909377918876935
6647,262,0.0003826797147022022
6647,263,0.000687312908642771
6647,264,0.0022457256941734497
6647,265,0.0063645678866261
6647,266,0.0024798652564583497
6647,267,0.0055513734928839195
6647,268,0.0004431028275499183
6647,273,7.552889105964516e-06
6647,274,2.0141037615905378e-05
6647,275,1.5105778211929033e-05
6647,281,0.00028197452662267526
6647,282,7.552889105964516e-06
6647,283,6.29407425497043e-05
6647,285,3.524681582783441e-05
6647,286,3.0211556423858065e-05
6647,297,5.0352594039763445e-06
6647,300,1.5105778211929033e-05
6647,301,0.0001007051880795269
6647,302,3.776444552982258e-05
6647,303,1.5105778211929033e-05
6647,304,2.7693926721869894e-05
6647,305,2.265866731789355e-05
6647,306,3.776444552982258e-05
6647,307,4.53173346357871e-05
6647,308,1.0070518807952689e-05
6647,309,7.552889105964516e-06
6648,244,1.7623407913917204e-05
6648,245,7.552889105964516e-06
6648,246,1.0070518807952689e-05
6648,247,0.0008962761739077893
6648,248,0.007036775017056941
6648,249,0.001608765379570442
6648,250,0.0005135964592055871
6648,251,0.0007502536511924753
6648,252,0.0015433070073187496
6648,253,0.000614301647285114
6648,254,0.0004909377918876935
6648,255,0.0008685822471859194
6648,256,1.5105778211929033e-05
6648,257,3.776444552982258e-05
6648,258,0.002205443618941639
6648,259,0.00023917482168887635
6648,260,0.0009013114333117656
6648,261,0.0011883212193384172
6648,262,0.0030765434958295464
6648,263,0.005259328447453292
6648,264,0.007429525250567096
6648,265,0.0028348510444386817
6648,266,0.0020669739853322894
6648,267,0.0016540827142062292
6648,268,0.0010473339560270797
6648,271,2.0141037615905378e-05
6648,272,0.0003524681582783441
6648,273,0.0010221576590071979
6648,274,0.0020997031714581355
6648,275,0.0001359520039073613
6648,276,2.5176297019881722e-06
6648,280,7.804652076163334e-05
6648,281,9.566992867555054e-05
6648,283,3.272918612584624e-05
6648,284,0.00018630459794712474
6648,285,0.0002341395622849
6648,286,0.0003348447503644269
6648,287,1.0070518807952689e-05
6648,288,7.301126135765699e-05
6648,296,2.5176297019881722e-06
6648,297,5.0352594039763445e-06
6648,298,2.265866731789355e-05
6648,300,0.0002618334890067699
6648,301,0.0011782507005304646
6648,302,0.0003272918612584624
6648,303,0.0001258814850994086
6648,304,4.53173346357871e-05
6648,305,1.0070518807952689e-05
6648,306,3.776444552982258e-05
6648,307,7.552889105964516e-06
6648,308,7.552889105964516e-06
6648,310,2.5176297019881722e-06
6648,315,2.5176297019881722e-06
6648,317,5.0352594039763445e-06
6649,246,0.00031973897215249785
6649,247,0.0006948657977487355
6649,248,0.0020594210962263247
6649,249,0.0008434059501660376
6649,250,0.0019687864269547508
6649,251,0.0008308178016560968
6649,252,0.0010271929184111743
6649,253,0.0012185327757622754
6649,254,0.003129413719571298
6649,255,0.0010876160312588905
6649,256,0.0011807683302324527
6649,257,0.00013343437420537313
6649,258,0.0001082580771854914
6649,259,0.0008283001719541086
6649,260,0.008262860681925182
6649,261,0.011568508480635651
6649,262,0.08035015193895252
6649,263,0.017724113101996734
6649,264,0.006153086991659093
6649,265,0.0030362614205977356
6649,266,0.004025689893479087
6649,267,0.004788531693181504
6649,268,0.003653080697584838
6649,269,0.0001913398573511011
6649,271,7.552889105964516e-06
6649,272,0.0009113819521197183
6649,273,0.003167178165101121
6649,274,0.0030513671988096646
6649,275,0.00023665719198688817
6649,276,0.0001359520039073613
6649,277,1.2588148509940862e-05
6649,279,0.00011077570688747958
6649,280,0.0010876160312588905
6649,281,1.2588148509940862e-05
6649,283,6.29407425497043e-05
6649,284,0.0010397810669211152
6649,285,0.0010750278827489496
6649,286,0.00015861067122525485
6649,287,0.0002593158593047817
6649,288,9.06346692715742e-05
6649,292,2.5176297019881722e-06
6649,295,2.5176297019881722e-06
6649,296,5.0352594039763445e-06
6649,297,2.7693926721869894e-05
6649,298,1.2588148509940862e-05
6649,299,7.552889105964516e-06
6649,300,6.29407425497043e-05
6649,301,5.2870223741751614e-05
6649,302,6.042311284771613e-05
6649,306,1.0070518807952689e-05
6649,307,2.5176297019881722e-06
6649,308,2.5176297019881722e-06
6649,317,2.5176297019881722e-06
6649,318,2.5176297019881722e-06
6649,321,1.0070518807952689e-05
6650,244,2.5176297019881722e-06
6650,245,7.552889105964516e-06
6650,246,0.0003927502335101549
6650,247,0.00027693926721869896
6650,248,0.001490436783576998
6650,249,0.0002719040078147226
6650,250,5.2870223741751614e-05
6650,251,0.00073011261357657
6650,252,0.0011782507005304646
6650,253,0.003172213424505097
6650,254,0.0006344426849010194
6650,255,0.0006243721660930667
6650,256,0.0036782569946047197
6650,257,0.0018655636091732355
6650,258,0.002235655175365497
6650,259,0.004997494958446522
6650,260,0.008459235798680258
6650,261,0.01254786643470905
6650,262,0.010392775409807174
6650,263,0.01238170287437783
6650,264,0.003688327513412672
6650,265,0.0011631449223185356
6650,266,0.0010045342510932808
6650,267,0.0008836880253978484
6650,268,0.002192855470431698
6650,269,0.005171211407883705
6650,270,0.0007074539462586764
6650,271,0.0003247742315564742
6650,272,0.0006495484631129484
6650,273,0.004023172263777099
6650,274,0.00380162085000214
6650,275,0.00034995052857635594
6650,276,0.004856507695135184
6650,277,0.000863546987781943
6650,278,0.0015760361934445957
6650,279,0.00037009156619226133
6650,280,0.0010725102530469612
6650,283,0.00011832859599344409
6650,284,0.00025679822960279357
6650,285,0.00023917482168887635
6650,286,9.315229897356237e-05
6650,287,0.00013846963360934948
6650,288,4.53173346357871e-05
6650,293,2.5176297019881722e-06
6650,295,1.0070518807952689e-05
6650,296,2.5176297019881722e-06
6650,297,4.0282075231810756e-05
6650,298,5.035259403976345e-05
6650,299,2.265866731789355e-05
6650,300,3.524681582783441e-05
6650,301,4.0282075231810756e-05
6650,304,7.301126135765699e-05
6650,305,1.0070518807952689e-05
6650,306,2.5176297019881722e-06
6650,309,2.5176297019881722e-06
6651,245,0.0002265866731789355
6651,246,0.0002870097860266516
6651,247,0.0021425028763919344
6651,248,0.0013091674450338496
6651,250,1.0070518807952689e-05
6651,251,0.0010120871401992453
6651,252,0.0005010083106956462
6651,253,0.0008358530610600731
6651,254,0.0017749289399016613
6651,255,0.0010599221045370206
6651,256,0.0025679822960279356
6651,257,0.0035271992124854294
6651,258,0.004191853453810307
6651,259,0.0032225660185448606
6651,260,0.009896802358515505
6651,261,0.006754800490434266
6651,262,0.012593183769344837
6651,263,0.009876661320899599
6651,264,0.008479376836296165
6651,265,0.004106254043942709
6651,266,0.0021853025813257333
6651,267,0.0006671718710268656
6651,268,0.0003625386770862968
6651,269,0.0019108809438090227
6651,270,0.0021399852466899463
6651,271,0.0024773476267563616
6651,272,0.0032653657234786595
6651,273,0.0008761351362918839
6651,274,0.001213497516358299
6651,275,0.0015030249320869388
6651,276,0.001581071452848572
6651,277,0.0016112830092724303
6651,278,0.0010196400293052098
6651,279,0.0008106767640401914
6651,280,6.545837225169248e-05
6651,282,0.00026435111870875806
6651,283,5.790548314572796e-05
6651,284,6.042311284771613e-05
6651,285,0.00010574044748350323
6651,287,3.0211556423858065e-05
6651,288,4.783496433777527e-05
6651,293,1.0070518807952689e-05
6651,294,3.0211556423858065e-05
6651,295,3.272918612584624e-05
6651,296,1.5105778211929033e-05
6651,297,2.7693926721869894e-05
6651,298,4.783496433777527e-05
6651,299,1.2588148509940862e-05
6651,300,7.552889105964516e-06
6651,301,2.265866731789355e-05
6651,302,5.0352594039763445e-06
6651,304,1.0070518807952689e-05
6651,306,5.0352594039763445e-06
6651,309,2.5176297019881722e-06
6651,310,5.0352594039763445e-06
6652,244,1.5105778211929033e-05
6652,245,0.0001812693385431484
6652,246,0.000994463732285328
6652,247,0.0021148089496700645
6652,248,0.00023162193258291185
6652,249,9.818755837753872e-05
6652,250,3.272918612584624e-05
6652,251,2.265866731789355e-05
6652,252,0.00016616356033121937
6652,253,0.0010498515857290678
6652,254,0.0018202462745374485
6652,255,0.0006923481680467474
6652,256,0.0016364593062923119
6652,257,0.0013343437420537312
6652,258,0.0016289064171863474
6652,259,0.0021122913199680764
6652,260,0.0024949710346702787
6652,261,0.002701416670233309
6652,262,0.0025704999257299237
6652,263,0.012849981998947631
6652,264,0.007316231913977628
6652,265,0.0034718113590416896
6652,266,0.004446134053711112
6652,267,0.0035574107689092874
6652,268,0.0026258877791736634
6652,269,0.001316720334139814
6652,270,0.004818743249605362
6652,271,0.0035171286936774766
6652,272,0.002673722743511439
6652,273,0.001447637078643199
6652,274,8.056415046362151e-05
6652,275,0.0005488432750334215
6652,276,0.0015156130805968797
6652,277,0.004569497909108533
6652,278,0.007036775017056941
6652,279,0.002646028816789569
6652,280,0.0010498515857290678
6652,282,4.783496433777527e-05
6652,283,2.7693926721869894e-05
6652,285,1.2588148509940862e-05
6652,286,2.0141037615905378e-05
6652,287,1.0070518807952689e-05
6652,288,7.552889105964516e-06
6652,294,7.552889105964516e-06
6652,297,4.783496433777527e-05
6652,298,2.5176297019881722e-06
6652,300,2.5176297019881722e-06
6652,301,7.552889105964516e-06
6652,303,7.552889105964516e-06
6652,304,2.265866731789355e-05
6652,318,3.272918612584624e-05
6653,243,2.7693926721869894e-05
6653,244,3.272918612584624e-05
6653,245,4.53173346357871e-05
6653,246,1.5105778211929033e-05
6653,247,1.5105778211929033e-05
6653,248,0.0012990969262258968
6653,249,0.0006847952789407829
6653,250,7.552889105964516e-06
6653,252,4.0282075231810756e-05
6653,253,0.0002870097860266516
6653,254,0.0024924534049682906
6653,255,0.00119839173814637
6653,256,0.0024647594782464207
6653,257,0.0042774528636779045
6653,258,0.0010926512906628666
6653,259,0.0016691884924181582
6653,260,0.0017296116052658744
6653,261,0.0019058456844050463
6653,262,0.0031344489789752743
6653,263,0.00268631089202138
6653,264,0.0037361624777504476
6653,265,0.0017724113101996732
6653,266,0.0014023197440074118
6653,267,0.0003272918612584624
6653,268,0.002223067026855556
6653,269,0.0052417050395393745
6653,270,0.0014702957459610925
6653,271,0.002693863781127344
6653,272,0.0030916492740414754
6653,273,0.0007880180967222978
6653,275,0.00024169245139086452
6653,276,0.0009869108431793635
6653,277,0.0017875170884116022
6653,278,0.0014073550034113883
6653,279,0.006034758395665649
6653,280,0.0017220587161599099
6653,282,1.2588148509940862e-05
6653,283,7.552889105964516e-06
6653,284,2.5176297019881722e-06
6653,286,2.0141037615905378e-05
6653,287,1.0070518807952689e-05
6653,288,7.552889105964516e-05
6653,289,7.552889105964516e-06
6653,290,0.00010574044748350323
6653,294,2.265866731789355e-05
6653,295,5.0352594039763445e-06
6653,296,3.524681582783441e-05
6653,297,4.0282075231810756e-05
6653,302,1.2588148509940862e-05
6653,303,1.0070518807952689e-05
6653,304,2.0141037615905378e-05
6653,314,5.0352594039763445e-06
6654,242,2.265866731789355e-05
6654,243,3.524681582783441e-05
6654,244,5.0352594039763445e-06
6654,247,0.0001636459306292312
6654,248,0.00022406904347694733
6654,249,0.0001988927464570656
6654,251,7.552889105964516e-06
6654,253,0.0001812693385431484
6654,254,0.00043051467903997746
6654,255,0.0001636459306292312
6654,256,0.0010624397342390087
6654,257,0.0020795621338422303
6654,258,0.0014098726331133763
6654,259,0.0010649573639409968
6654,260,0.0007427007620865108
6654,261,0.0010624397342390087
6654,262,0.002207961248643627
6654,263,0.0012688853698020388
6654,264,0.0014652604865571161
6654,265,0.0019687864269547508
6654,268,4.279970493379893e-05
6654,269,0.0062965918846724185
6654,270,0.006976351904209225
6654,271,0.0013771434469875303
6654,272,0.008700928250071124
6654,273,0.00014098726331133763
6654,275,7.301126135765699e-05
6654,276,0.0021550910249018753
6654,277,0.0006772423898348183
6654,278,0.0002517629701988172
6654,279,0.0011958741084443817
6654,280,0.00037009156619226133
6654,282,5.0352594039763445e-06
6654,288,1.5105778211929033e-05
6654,289,2.265866731789355e-05
6654,290,0.00046576149486781185
6654,291,5.538785344373979e-05
6654,292,1.5105778211929033e-05
6654,293,1.0070518807952689e-05
6654,294,3.272918612584624e-05
6654,296,0.00019637511675507744
6654,297,0.0001007051880795269
6654,298,2.5176297019881722e-06
6654,305,2.5176297019881722e-06
6654,306,2.5176297019881722e-06
6654,316,1.0070518807952689e-05
6654,317,3.776444552982258e-05
6654,320,7.552889105964516e-06
6655,240,2.5176297019881722e-06
6655,241,3.272918612584624e-05
6655,246,5.035259403976345e-05
6655,247,0.0007099715759606646
6655,248,0.00012084622569543226
6655,249,2.265866731789355e-05
6655,251,2.5176297019881722e-06
6655,253,1.7623407913917204e-05
6655,254,2.0141037615905378e-05
6655,255,0.00015105778211929033
6655,256,0.0010246752887091862
6655,257,0.001216015146060287
6655,258,0.00046576149486781185
6655,259,0.00010322281778151505
6655,260,2.0141037615905378e-05
6655,261,0.0009239701006296592
6655,262,0.0006520660928149366
6655,263,0.0004229617899340129
6655,264,0.0007779475779143453
6655,265,0.0003726091958942495
6655,266,2.7693926721869894e-05
6655,269,0.00035750341768232043
6655,270,0.0003272918612584624
6655,271,0.001550859896424714
6655,272,0.003685809883710684
6655,273,0.0003726091958942495
6655,274,8.559940986759786e-05
6655,275,7.552889105964516e-05
6655,276,0.0006973834274507237
6655,277,0.0001535754118212785
6655,278,0.00026686874841074627
6655,279,0.0003977854929141312
6655,280,2.0141037615905378e-05
6655,283,1.7623407913917204e-05
6655,285,2.5176297019881722e-06
6655,287,2.5176297019881722e-06
6655,289,0.00025679822960279357
6655,290,0.0025428059990080538
6655,291,0.00021148089496700646
6655,292,2.7693926721869894e-05
6655,293,3.524681582783441e-05
6655,294,2.0141037615905378e-05
6655,295,2.5176297019881722e-06
6655,296,2.5176297019881723e-05
6655,297,2.0141037615905378e-05
6655,298,5.0352594039763445e-06
6655,305,1.2588148509940862e-05
6655,306,2.5176297019881723e-05
6656,240,3.0211556423858065e-05
6656,241,7.552889105964516e-06
6656,246,2.7693926721869894e-05
6656,247,9.566992867555054e-05
6656,248,5.0352594039763445e-06
6656,251,5.0352594039763445e-06
6656,254,2.5176297019881723e-05
6656,255,2.5176297019881723e-05
6656,256,0.0003373623800664151
6656,257,0.0007225597244706054
6656,258,0.0003625386770862968
6656,263,1.7623407913917204e-05
6656,264,7.552889105964516e-06
6656,266,6.797600195368065e-05
6656,272,0.0003172213424505097
6656,273,0.0005362551265234806
6656,274,5.035259403976345e-05
6656,275,0.0001435048930133258
6656,276,5.2870223741751614e-05
6656,277,0.00028449215632466346
6656,278,0.0011002041797688311
6656,279,0.0003449152691723796
6656,280,7.552889105964516e-06
6656,282,0.0002014103761590538
6656,283,3.524681582783441e-05
6656,284,3.524681582783441e-05
6656,288,7.552889105964516e-06
6656,289,3.272918612584624e-05
6656,290,6.797600195368065e-05
6656,291,9.06346692715742e-05
6656,292,2.5176297019881722e-06
6656,293,3.776444552982258e-05
6656,294,3.0211556423858065e-05
6656,296,2.5176297019881722e-06
6656,297,0.00014602252271531398
6656,298,1.0070518807952689e-05
6656,299,2.5176297019881722e-06
6656,306,1.2588148509940862e-05
6657,246,1.2588148509940862e-05
6657,247,6.042311284771613e-05
6657,249,7.552889105964516e-06
6657,255,2.5176297019881723e-05
6657,256,1.7623407913917204e-05
6657,257,0.00012839911480139678
6657,258,0.00031218608304653335
6657,262,1.0070518807952689e-05
6657,263,7.552889105964516e-06
6657,271,0.000906346692715742
6657,272,0.0006344426849010194
6657,273,0.0001812693385431484
6657,274,7.552889105964516e-06
6657,275,1.5105778211929033e-05
6657,276,4.0282075231810756e-05
6657,277,0.00017119881973519572
6657,278,0.0004783496433777527
6657,279,0.000629407425497043
6657,280,7.301126135765699e-05
6657,281,0.00016616356033121937
6657,282,0.0003147037127485215
6657,283,5.0352594039763445e-06
6657,288,2.5176297019881722e-06
6657,289,1.5105778211929033e-05
6657,290,2.7693926721869894e-05
6657,291,3.776444552982258e-05
6657,293,0.00016868119003320755
6657,294,0.00018378696824513657
6657,295,1.7623407913917204e-05
6657,296,1.7623407913917204e-05
6657,297,2.265866731789355e-05
6657,298,2.7693926721869894e-05
6657,299,1.2588148509940862e-05
6657,318,5.0352594039763445e-06
6658,247,7.552889105964516e-05
6658,255,1.7623407913917204e-05
6658,256,0.0002265866731789355
6658,262,2.265866731789355e-05
6658,263,2.265866731789355e-05
6658,264,2.265866731789355e-05
6658,265,2.5176297019881722e-06
6658,269,2.0141037615905378e-05
6658,271,0.0001913398573511011
6658,272,0.001155592033212571
6658,273,0.00017875170884116022
6658,274,2.0141037615905378e-05
6658,276,3.0211556423858065e-05
6658,277,7.301126135765699e-05
6658,278,0.003627904400564956
6658,279,0.0007955709858282624
6658,280,2.265866731789355e-05
6658,281,6.29407425497043e-05
6658,282,2.5176297019881723e-05
6658,283,2.5176297019881722e-06
6658,284,5.790548314572796e-05
6658,285,0.0001913398573511011
6658,287,3.776444552982258e-05
6658,288,2.5176297019881723e-05
6658,290,5.538785344373979e-05
6658,291,1.0070518807952689e-05
6658,292,1.5105778211929033e-05
6658,293,2.5176297019881722e-06
6658,294,2.7693926721869894e-05
6658,295,7.552889105964516e-06
6658,298,2.5176297019881722e-06
6658,299,3.0211556423858065e-05
6658,319,2.5176297019881722e-06
6658,320,2.5176297019881722e-06
6658,321,3.272918612584624e-05
6659,256,1.7623407913917204e-05
6659,258,1.7623407913917204e-05
6659,259,3.272918612584624e-05
6659,263,1.7623407913917204e-05
6659,264,5.0352594039763445e-06
6659,265,5.0352594039763445e-06
6659,266,1.0070518807952689e-05
6659,270,2.5176297019881722e-06
6659,272,0.00040785601172208387
6659,273,0.00014098726331133763
6659,274,9.06346692715742e-05
6659,275,3.0211556423858065e-05
6659,276,4.53173346357871e-05
6659,277,5.538785344373979e-05
6659,278,0.0010347458075171388
6659,279,0.001210979886656311
6659,280,0.00020896326526501828
6659,281,2.5176297019881722e-06
6659,282,2.0141037615905378e-05
6659,283,7.552889105964516e-06
6659,284,1.7623407913917204e-05
6659,285,5.538785344373979e-05
6659,286,8.056415046362151e-05
6659,287,2.5176297019881722e-06
6659,288,2.265866731789355e-05
6659,289,0.0004254794196360011
6659,290,9.06346692715742e-05
6659,292,2.5176297019881722e-06
6659,293,3.0211556423858065e-05
6659,294,7.552889105964516e-06
6659,295,2.0141037615905378e-05
6659,297,4.0282075231810756e-05
6659,298,7.552889105964516e-06
6659,299,2.5176297019881723e-05
6659,300,1.0070518807952689e-05
6660,244,1.0070518807952689e-05
6660,255,2.0141037615905378e-05
6660,256,5.0352594039763445e-06
6660,257,1.0070518807952689e-05
6660,261,2.7693926721869894e-05
6660,264,4.783496433777527e-05
6660,265,2.7693926721869894e-05
6660,266,7.552889105964516e-06
6660,271,9.566992867555054e-05
6660,272,6.545837225169248e-05
6660,273,1.2588148509940862e-05
6660,275,5.035259403976345e-05
6660,276,1.0070518807952689e-05
6660,278,5.790548314572796e-05
6660,279,0.0001812693385431484
6660,280,0.0004330323087419656
6660,281,0.0001812693385431484
6660,282,0.0011329333658946774
6660,283,0.00020392800586104193
6660,284,1.7623407913917204e-05
6660,286,4.783496433777527e-05
6660,287,0.0002870097860266516
6660,288,2.5176297019881722e-06
6660,289,2.5176297019881723e-05
6660,290,2.5176297019881723e-05
6660,291,1.0070518807952689e-05
6660,294,2.0141037615905378e-05
6660,295,0.0001359520039073613
6660,296,0.0002693863781127344
6660,297,0.0005639490532453505
6660,299,1.5105778211929033e-05
6660,317,2.5176297019881722e-06
6661,252,1.2588148509940862e-05
6661,253,4.0282075231810756e-05
6661,254,2.265866731789355e-05
6661,255,0.00011077570688747958
6661,256,2.0141037615905378e-05
6661,258,2.265866731789355e-05
6661,264,1.2588148509940862e-05
6661,265,1.0070518807952689e-05
6661,266,2.7693926721869894e-05
6661,268,1.2588148509940862e-05
6661,270,2.7693926721869894e-05
6661,271,0.00013846963360934948
6661,272,7.552889105964516e-06
6661,273,2.5176297019881722e-06
6661,278,5.0352594039763445e-06
6661,279,4.0282075231810756e-05
6661,280,9.06346692715742e-05
6661,281,0.0003524681582783441
6661,282,0.00013846963360934948
6661,283,0.00018630459794712474
6661,284,0.0002442100810928527
6661,285,5.0352594039763445e-06
6661,286,2.5176297019881722e-06
6661,287,0.00019637511675507744
6661,288,2.5176297019881722e-06
6661,289,2.5176297019881722e-06
6661,290,5.0352594039763445e-06
6661,291,5.0352594039763445e-06
6661,292,2.5176297019881722e-06
6661,294,7.552889105964516e-06
6661,295,3.0211556423858065e-05
6661,296,7.552889105964516e-06
6661,297,0.00013846963360934948
6661,298,2.265866731789355e-05
6661,299,1.0070518807952689e-05
6662,253,1.0070518807952689e-05
6662,255,5.2870223741751614e-05
6662,256,1.5105778211929033e-05
6662,257,1.2588148509940862e-05
6662,258,1.5105778211929033e-05
6662,264,7.552889105964516e-06
6662,266,8.559940986759786e-05
6662,270,6.042311284771613e-05
6662,271,2.265866731789355e-05
6662,272,3.0211556423858065e-05
6662,279,2.5176297019881723e-05
6662,280,2.0141037615905378e-05
6662,282,2.0141037615905378e-05
6662,283,0.00025679822960279357
6662,284,9.818755837753872e-05
6662,285,5.0352594039763445e-06
6662,287,5.0352594039763445e-06
6662,289,5.0352594039763445e-06
6662,292,5.0352594039763445e-06
6662,293,1.2588148509940862e-05
6662,294,7.552889105964516e-06
6662,297,1.5105778211929033e-05
6662,298,0.00016868119003320755
6662,299,2.0141037615905378e-05
6662,300,1.0070518807952689e-05
6662,307,5.0352594039763445e-06
6662,315,1.7623407913917204e-05
6662,316,2.5176297019881722e-06
6663,266,3.524681582783441e-05
6663,267,2.5176297019881722e-06
6663,269,1.2588148509940862e-05
6663,270,0.001754787902285756
6663,271,7.552889105964516e-06
6663,272,1.2588148509940862e-05
6663,278,2.5176297019881722e-06
6663,279,2.265866731789355e-05
6663,280,6.042311284771613e-05
6663,281,2.5176297019881723e-05
6663,283,0.0001258814850994086
6663,284,2.0141037615905378e-05
6663,285,9.06346692715742e-05
6663,287,1.2588148509940862e-05
6663,289,1.2588148509940862e-05
6663,290,1.2588148509940862e-05
6663,291,1.2588148509940862e-05
6663,295,7.552889105964516e-06
6663,296,3.0211556423858065e-05
6663,297,5.0352594039763445e-06
6663,298,0.00012839911480139678
6663,299,0.0001359520039073613
6663,300,6.545837225169248e-05
6663,301,7.552889105964516e-06
6664,259,2.5176297019881722e-06
6664,269,0.0006999010571527119
6664,270,0.0010070518807952689
6664,271,7.552889105964516e-06
6664,279,4.53173346357871e-05
6664,283,3.0211556423858065e-05
6664,284,0.000307150823642557
6664,285,0.0001082580771854914
6664,286,1.7623407913917204e-05
6664,287,5.0352594039763445e-06
6664,289,1.2588148509940862e-05
6664,291,5.0352594039763445e-06
6664,292,2.5176297019881722e-06
6664,294,6.545837225169248e-05
6664,295,3.0211556423858065e-05
6664,296,2.265866731789355e-05
6664,297,1.0070518807952689e-05
6664,298,1.0070518807952689e-05
6664,299,3.524681582783441e-05
6664,301,1.2588148509940862e-05
6664,302,2.5176297019881722e-06
6664,310,7.552889105964516e-06
6665,269,0.0006520660928149366
6665,270,0.00017371644943718387
6665,271,1.2588148509940862e-05
6665,272,4.279970493379893e-05
6665,277,3.0211556423858065e-05
6665,278,0.00018882222764911291
6665,279,0.0012865087777159559
6665,280,5.0352594039763445e-06
6665,281,2.5176297019881722e-06
6665,282,7.552889105964516e-06
6665,283,2.265866731789355e-05
6665,284,0.0006445132037089721
6665,285,0.0014577075974511516
6665,286,0.00011581096629145593
6665,287,1.0070518807952689e-05
6665,288,1.7623407913917204e-05
6665,289,1.5105778211929033e-05
6665,292,2.265866731789355e-05
6665,294,5.0352594039763445e-06
6665,297,1.0070518807952689e-05
6665,298,5.0352594039763445e-06
6665,299,2.5176297019881722e-06
6665,300,1.0070518807952689e-05
6665,301,1.5105778211929033e-05
6665,302,2.0141037615905378e-05
6665,311,7.552889105964516e-06
6666,268,5.0352594039763445e-06
6666,270,1.5105778211929033e-05
6666,271,6.042311284771613e-05
6666,277,0.0003549857879803323
6666,278,0.00017875170884116022
6666,279,0.0003147037127485215
6666,280,3.0211556423858065e-05
6666,281,7.301126135765699e-05
6666,282,2.0141037615905378e-05
6666,283,3.0211556423858065e-05
6666,284,0.0009290053600336355
6666,285,0.0010926512906628666
6666,286,6.545837225169248e-05
6666,287,2.7693926721869894e-05
6666,288,5.0352594039763445e-06
6666,291,2.5176297019881722e-06
6666,292,1.0070518807952689e-05
6666,297,2.5176297019881722e-06
6666,298,7.552889105964516e-06
6666,299,7.552889105964516e-06
6666,300,0.00011581096629145593
6666,301,1.0070518807952689e-05
6666,302,1.5105778211929033e-05
6666,303,0.00034995052857635594
6666,304,8.559940986759786e-05
6666,305,1.7623407913917204e-05
6666,306,5.0352594039763445e-06
6666,310,2.5176297019881722e-06
6666,311,5.0352594039763445e-06
6667,258,2.7693926721869894e-05
6667,270,6.545837225169248e-05
6667,271,2.5176297019881723e-05
6667,272,5.0352594039763445e-06
6667,276,1.0070518807952689e-05
6667,277,0.00024169245139086452
6667,278,5.0352594039763445e-06
6667,279,8.056415046362151e-05
6667,281,2.5176297019881722e-06
6667,282,3.524681582783441e-05
6667,283,1.7623407913917204e-05
6667,284,0.0002064456355630301
6667,285,0.0001988927464570656
6667,286,2.0141037615905378e-05
6667,287,5.0352594039763445e-06
6667,288,7.552889105964516e-06
6667,289,7.301126135765699e-05
6667,290,5.2870223741751614e-05
6667,291,2.7693926721869894e-05
6667,292,2.5176297019881722e-06
6667,293,1.0070518807952689e-05
6667,297,1.2588148509940862e-05
6667,299,1.7623407913917204e-05
6667,301,2.7693926721869894e-05
6667,302,2.0141037615905378e-05
6667,303,4.53173346357871e-05
6667,304,3.524681582783441e-05
6667,305,2.5176297019881722e-06
6667,309,1.0070518807952689e-05
6667,310,1.2588148509940862e-05
6668,269,2.5176297019881723e-05
6668,270,0.0007855004670203098
6668,271,1.0070518807952689e-05
6668,277,4.279970493379893e-05
6668,278,1.2588148509940862e-05
6668,279,4.279970493379893e-05
6668,280,2.5176297019881723e-05
6668,281,1.2588148509940862e-05
6668,282,2.265866731789355e-05
6668,284,1.0070518807952689e-05
6668,285,5.538785344373979e-05
6668,286,2.5176297019881722e-06
6668,287,1.7623407913917204e-05
6668,289,0.0003147037127485215
6668,290,5.0352594039763445e-06
6668,292,1.2588148509940862e-05
6668,297,1.7623407913917204e-05
6668,298,9.566992867555054e-05
6668,299,0.00011832859599344409
6668,302,4.53173346357871e-05
6668,303,3.0211556423858065e-05
6668,304,6.042311284771613e-05
6668,305,7.804652076163334e-05
6668,306,2.5176297019881722e-06
6668,307,2.265866731789355e-05
6668,308,1.7623407913917204e-05
6668,310,1.7623407913917204e-05
6669,269,2.5176297019881722e-06
6669,270,5.035259403976345e-05
6669,271,4.53173346357871e-05
6669,277,1.2588148509940862e-05
6669,278,3.272918612584624e-05
6669,279,2.7693926721869894e-05
6669,280,2.7693926721869894e-05
6669,281,1.7623407913917204e-05
6669,282,2.5176297019881723e-05
6669,284,2.5176297019881722e-06
6669,285,4.0282075231810756e-05
6669,286,2.0141037615905378e-05
6669,288,5.0352594039763445e-06
6669,289,2.7693926721869894e-05
6669,290,7.552889105964516e-06
6669,291,7.552889105964516e-06
6669,294,5.0352594039763445e-06
6669,295,4.783496433777527e-05
6669,296,3.776444552982258e-05
6669,297,6.042311284771613e-05
6669,298,0.00014602252271531398
6669,299,7.552889105964516e-06
6669,300,7.552889105964516e-06
6669,301,1.2588148509940862e-05
6669,303,0.00041792653053003657
6669,304,0.0037336448480484595
6669,305,0.00023917482168887635
6669,306,1.2588148509940862e-05
6669,307,1.0070518807952689e-05
6669,308,1.0070518807952689e-05
6669,311,2.5176297019881722e-06
6670,268,3.776444552982258e-05
6670,269,0.000994463732285328
6670,270,8.308178016560969e-05
6670,271,4.783496433777527e-05
6670,277,2.5176297019881722e-06
6670,278,2.5176297019881722e-06
6670,279,4.783496433777527e-05
6670,280,4.53173346357871e-05
6670,281,2.5176297019881722e-06
6670,282,4.0282075231810756e-05
6670,284,6.545837225169248e-05
6670,285,4.783496433777527e-05
6670,288,5.0352594039763445e-06
6670,290,7.552889105964516e-06
6670,291,7.552889105964516e-06
6670,293,1.5105778211929033e-05
6670,294,0.00018630459794712474
6670,295,5.0352594039763445e-06
6670,296,0.0006419955740069839
6670,297,7.552889105964516e-06
6670,298,2.5176297019881722e-06
6670,299,2.5176297019881722e-06
6670,300,5.0352594039763445e-06
6670,301,4.279970493379893e-05
6670,302,8.811703956958602e-05
6670,303,0.0016742237518221346
6670,304,0.0005916429799672205
6670,305,1.7623407913917204e-05
6670,306,1.0070518807952689e-05
6670,307,1.7623407913917204e-05
6670,308,2.265866731789355e-05
6670,312,7.552889105964516e-06
6671,268,0.00011832859599344409
6671,269,0.00043051467903997746
6671,270,0.00017371644943718387
6671,271,0.0003147037127485215
6671,278,2.5176297019881722e-06
6671,279,2.7693926721869894e-05
6671,281,7.552889105964516e-06
6671,284,2.5176297019881722e-06
6671,285,2.5176297019881722e-06
6671,286,4.0282075231810756e-05
6671,289,1.2588148509940862e-05
6671,290,3.0211556423858065e-05
6671,291,7.552889105964516e-06
6671,292,5.0352594039763445e-06
6671,293,6.29407425497043e-05
6671,294,4.279970493379893e-05
6671,295,3.0211556423858065e-05
6671,296,0.00011581096629145593
6671,297,1.5105778211929033e-05
6671,298,4.53173346357871e-05
6671,299,7.552889105964516e-06
6671,300,2.0141037615905378e-05
6671,301,2.5176297019881722e-06
6671,302,2.5176297019881722e-06
6671,303,1.2588148509940862e-05
6671,304,0.0007980886155302505
6671,305,5.2870223741751614e-05
6671,306,2.0141037615905378e-05
6671,307,5.0352594039763445e-06
6672,256,1.0070518807952689e-05
6672,267,4.279970493379893e-05
6672,268,7.804652076163334e-05
6672,269,0.00011832859599344409
6672,278,6.797600195368065e-05
6672,279,8.056415046362151e-05
6672,281,3.272918612584624e-05
6672,282,2.265866731789355e-05
6672,283,3.776444552982258e-05
6672,286,0.00012336385539742044
6672,287,0.0005916429799672205
6672,288,0.0004506557166558828
6672,289,0.0003851973444041903
6672,290,0.000453173346357871
6672,291,3.0211556423858065e-05
6672,292,4.783496433777527e-05
6672,293,5.0352594039763445e-06
6672,295,2.5176297019881722e-06
6672,296,5.0352594039763445e-06
6672,297,1.5105778211929033e-05
6672,298,2.265866731789355e-05
6672,299,6.29407425497043e-05
6672,300,1.7623407913917204e-05
6672,301,3.524681582783441e-05
6672,303,1.0070518807952689e-05
6672,304,1.5105778211929033e-05
6672,305,7.552889105964516e-06
6672,306,1.0070518807952689e-05
6672,307,1.0070518807952689e-05
6673,266,7.552889105964516e-06
6673,267,0.00012336385539742044
6673,268,1.5105778211929033e-05
6673,278,0.00017875170884116022
6673,279,6.042311284771613e-05
6673,280,0.00026435111870875806
6673,281,2.5176297019881723e-05
6673,283,5.0352594039763445e-06
6673,284,1.7623407913917204e-05
6673,286,0.0021450205060939225
6673,287,0.00815460260473969
6673,288,0.0020141037615905378
6673,289,0.0001913398573511011
6673,290,0.0001913398573511011
6673,291,0.00013091674450338496
6673,292,0.00013091674450338496
6673,293,1.0070518807952689e-05
6673,294,2.0141037615905378e-05
6673,296,2.5176297019881722e-06
6673,297,2.265866731789355e-05
6673,300,0.00022406904347694733
6673,301,4.53173346357871e-05
6673,302,5.0352594039763445e-06
6673,304,7.552889105964516e-06
6673,305,3.524681582783441e-05
6673,306,7.552889105964516e-06
6673,307,5.0352594039763445e-06
6673,308,2.5176297019881722e-06
6674,266,1.0070518807952689e-05
6674,267,1.0070518807952689e-05
6674,278,4.279970493379893e-05
6674,279,1.0070518807952689e-05
6674,280,2.7693926721869894e-05
6674,281,5.0352594039763445e-06
6674,284,6.797600195368065e-05
6674,285,0.00046576149486781185
6674,286,0.0004607262354638355
6674,287,0.0011480391441066064
6674,288,0.0007703946888083807
6674,289,2.5176297019881722e-06
6674,290,2.5176297019881722e-06
6674,291,1.2588148509940862e-05
6674,292,4.0282075231810756e-05
6674,293,5.0352594039763445e-06
6674,295,2.5176297019881722e-06
6674,298,2.7693926721869894e-05
6674,299,2.5176297019881722e-06
6674,300,3.272918612584624e-05
6674,301,0.00028449215632466346
6674,302,7.804652076163334e-05
6674,303,2.5176297019881722e-06
6674,304,7.552889105964516e-06
6674,305,1.2588148509940862e-05
6674,306,7.552889105964516e-06
6674,307,1.5105778211929033e-05
6674,308,4.279970493379893e-05
6674,309,1.0070518807952689e-05
6675,265,1.5105778211929033e-05
6675,277,1.5105778211929033e-05
6675,278,3.776444552982258e-05
6675,279,4.783496433777527e-05
6675,280,1.5105778211929033e-05
6675,281,5.0352594039763445e-06
6675,284,0.00033232712066243875
6675,285,0.00040030312261611937
6675,287,0.00023162193258291185
6675,288,0.0007124892056626528
6675,289,1.5105778211929033e-05
6675,292,2.5176297019881723e-05
6675,293,2.5176297019881722e-06
6675,294,7.552889105964516e-06
6675,298,4.0282075231810756e-05
6675,299,2.5176297019881722e-06
6675,301,3.272918612584624e-05
6675,303,7.552889105964516e-06
6675,304,4.0282075231810756e-05
6675,305,3.272918612584624e-05
6675,306,5.035259403976345e-05
6675,307,2.0141037615905378e-05
6675,308,8.811703956958602e-05
6675,309,7.049363165566881e-05
6675,310,5.0352594039763445e-06
6676,277,6.042311284771613e-05
6676,278,1.0070518807952689e-05
6676,279,1.2588148509940862e-05
6676,280,5.0352594039763445e-06
6676,282,2.5176297019881722e-06
6676,283,5.0352594039763445e-06
6676,284,2.265866731789355e-05
6676,285,6.545837225169248e-05
6676,287,0.0020845973932462065
6676,289,2.5176297019881722e-06
6676,290,7.552889105964516e-06
6676,292,7.804652076163334e-05
6676,293,5.0352594039763445e-06
6676,295,1.0070518807952689e-05
6676,296,2.5176297019881722e-06
6676,297,1.0070518807952689e-05
6676,298,3.272918612584624e-05
6676,300,5.0352594039763445e-06
6676,301,7.552889105964516e-06
6676,302,3.776444552982258e-05
6676,303,2.265866731789355e-05
6676,305,5.0352594039763445e-06
6676,306,0.00028449215632466346
6676,307,0.00011832859599344409
6676,308,1.2588148509940862e-05
6676,309,1.0070518807952689e-05
6677,277,0.00017875170884116022
6677,278,1.0070518807952689e-05
6677,279,1.0070518807952689e-05
6677,280,2.265866731789355e-05
6677,282,8.056415046362151e-05
6677,283,5.538785344373979e-05
6677,287,7.049363165566881e-05
6677,290,4.783496433777527e-05
6677,291,2.265866731789355e-05
6677,292,0.00013846963360934948
6677,293,2.0141037615905378e-05
6677,295,2.5176297019881722e-06
6677,297,7.552889105964516e-06
6677,299,5.0352594039763445e-06
6677,301,2.0141037615905378e-05
6677,302,2.5176297019881723e-05
6677,303,2.0141037615905378e-05
6677,305,5.0352594039763445e-06
6677,306,1.2588148509940862e-05
6677,307,3.272918612584624e-05
6677,308,7.301126135765699e-05
6677,309,3.272918612584624e-05
6678,277,0.00012084622569543226
6678,278,2.5176297019881722e-06
6678,280,8.308178016560969e-05
6678,281,0.00016616356033121937
6678,286,1.2588148509940862e-05
6678,287,9.315229897356237e-05
6678,288,3.524681582783441e-05
6678,289,6.797600195368065e-05
6678,291,7.552889105964516e-06
6678,292,0.00028449215632466346
6678,293,8.559940986759786e-05
6678,294,1.2588148509940862e-05
6678,297,2.5176297019881723e-05
6678,298,1.0070518807952689e-05
6678,299,2.5176297019881722e-06
6678,301,1.0070518807952689e-05
6678,302,2.5176297019881722e-06
6678,303,7.552889105964516e-06
6678,304,2.0141037615905378e-05
6678,305,4.53173346357871e-05
6678,309,1.2588148509940862e-05
6678,310,5.790548314572796e-05
6679,276,4.53173346357871e-05
6679,277,1.7623407913917204e-05
6679,278,5.0352594039763445e-06
6679,279,4.53173346357871e-05
6679,280,7.552889105964516e-06
6679,281,7.049363165566881e-05
6679,282,0.0003927502335101549
6679,287,7.552889105964516e-06
6679,288,2.5176297019881722e-06
6679,292,2.265866731789355e-05
6679,293,1.7623407913917204e-05
6679,295,7.552889105964516e-06
6679,296,2.5176297019881723e-05
6679,297,3.524681582783441e-05
6679,298,2.5176297019881722e-06
6679,299,2.5176297019881722e-06
6679,300,7.552889105964516e-06
6679,301,6.545837225169248e-05
6679,302,1.2588148509940862e-05
6679,304,7.552889105964516e-06
6679,305,5.0352594039763445e-06
6679,307,2.0141037615905378e-05
6679,308,3.776444552982258e-05
6679,309,4.53173346357871e-05
6679,310,1.5105778211929033e-05
6680,275,4.279970493379893e-05
6680,276,5.0352594039763445e-06
6680,278,6.29407425497043e-05
6680,280,5.0352594039763445e-06
6680,281,1.5105778211929033e-05
6680,282,4.783496433777527e-05
6680,286,2.0141037615905378e-05
6680,287,3.272918612584624e-05
6680,292,1.0070518807952689e-05
6680,296,0.00013091674450338496
6680,297,8.811703956958602e-05
6680,298,2.5176297019881723e-05
6680,299,0.0002064456355630301
6680,300,0.00012336385539742044
6680,301,3.0211556423858065e-05
6680,302,1.2588148509940862e-05
6680,306,1.5105778211929033e-05
6680,307,2.265866731789355e-05
6680,308,7.552889105964516e-06
6680,309,3.776444552982258e-05
6681,274,2.5176297019881722e-06
6681,275,0.0001636459306292312
6681,276,5.0352594039763445e-06
6681,278,2.265866731789355e-05
6681,279,2.5176297019881723e-05
6681,282,0.00014098726331133763
6681,285,0.00024672771079484087
6681,286,2.0141037615905378e-05
6681,287,3.0211556423858065e-05
6681,288,1.7623407913917204e-05
6681,292,1.0070518807952689e-05
6681,295,1.0070518807952689e-05
6681,296,1.7623407913917204e-05
6681,297,7.552889105964516e-06
6681,298,1.0070518807952689e-05
6681,299,8.056415046362151e-05
6681,300,0.0001812693385431484
6681,301,1.5105778211929033e-05
6681,305,1.7623407913917204e-05
6681,306,4.783496433777527e-05
6681,309,3.272918612584624e-05
6682,275,1.5105778211929033e-05
6682,276,3.0211556423858065e-05
6682,277,2.5176297019881722e-06
6682,278,2.5176297019881722e-06
6682,279,0.0018051404963255195
6682,280,0.00036757393649027313
6682,281,1.2588148509940862e-05
6682,282,3.272918612584624e-05
6682,283,1.0070518807952689e-05
6682,286,3.272918612584624e-05
6682,287,0.00011329333658946775
6682,290,2.5176297019881722e-06
6682,291,1.0070518807952689e-05
6682,292,5.0352594039763445e-06
6682,296,7.552889105964516e-06
6682,298,2.0141037615905378e-05
6682,299,9.06346692715742e-05
6682,300,7.301126135765699e-05
6682,305,2.265866731789355e-05
6682,306,3.0211556423858065e-05
6682,307,0.0001007051880795269
6682,308,3.0211556423858065e-05
6682,309,2.265866731789355e-05
6682,310,1.5105778211929033e-05
6683,276,5.0352594039763445e-06
6683,277,2.7693926721869894e-05
6683,278,2.5176297019881722e-06
6683,279,0.0004959730512916699
6683,280,0.0003172213424505097
6683,281,7.552889105964516e-06
6683,282,9.566992867555054e-05
6683,283,1.0070518807952689e-05
6683,286,0.00013343437420537313
6683,287,0.0003373623800664151
6683,288,1.5105778211929033e-05
6683,289,2.0141037615905378e-05
6683,290,1.7623407913917204e-05
6683,295,1.0070518807952689e-05
6683,297,1.0070518807952689e-05
6683,298,2.7693926721869894e-05
6683,299,2.265866731789355e-05
6683,300,2.7693926721869894e-05
6683,305,7.552889105964516e-06
6683,306,1.0070518807952689e-05
6683,307,5.0352594039763445e-06
6683,308,1.0070518807952689e-05
6683,309,4.279970493379893e-05
6683,310,5.0352594039763445e-06
6684,277,2.7693926721869894e-05
6684,278,2.0141037615905378e-05
6684,279,9.06346692715742e-05
6684,281,5.0352594039763445e-06
6684,283,1.7623407913917204e-05
6684,287,3.0211556423858065e-05
6684,288,0.00019637511675507744
6684,289,0.0002265866731789355
6684,290,0.00023665719198688817
6684,295,5.0352594039763445e-06
6684,297,2.5176297019881722e-06
6684,298,3.524681582783441e-05
6684,306,2.5176297019881722e-06
6684,308,5.0352594039763445e-06
6684,311,7.552889105964516e-06
6685,277,5.538785344373979e-05
6685,278,4.0282075231810756e-05
6685,279,0.00010574044748350323
6685,280,9.06346692715742e-05
6685,281,2.265866731789355e-05
6685,282,3.524681582783441e-05
6685,284,2.5176297019881722e-06
6685,287,2.5176297019881722e-06
6685,288,9.818755837753872e-05
6685,289,0.0009843932134773754
6685,290,0.0005538785344373979
6685,291,5.0352594039763445e-06
6685,294,1.5105778211929033e-05
6685,295,1.5105778211929033e-05
6685,297,7.552889105964516e-06
6685,305,2.5176297019881722e-06
6685,306,3.524681582783441e-05
6686,277,2.5176297019881723e-05
6686,278,1.5105778211929033e-05
6686,279,2.5176297019881723e-05
6686,280,0.0010397810669211152
6686,281,0.0002693863781127344
6686,282,4.53173346357871e-05
6686,283,2.5176297019881723e-05
6686,284,1.5105778211929033e-05
6686,288,0.0001007051880795269
6686,289,0.0006621366116228893
6686,290,4.279970493379893e-05
6686,291,2.0141037615905378e-05
6686,292,1.0070518807952689e-05
6686,295,5.0352594039763445e-06
6686,297,5.0352594039763445e-06
6686,306,2.5176297019881722e-06
6686,307,7.552889105964516e-06
6687,277,4.279970493379893e-05
6687,278,5.035259403976345e-05
6687,279,2.5176297019881723e-05
6687,280,0.00028449215632466346
6687,281,0.00037764445529822583
6687,282,1.2588148509940862e-05
6687,283,5.0352594039763445e-06
6687,284,5.2870223741751614e-05
6687,285,7.552889105964516e-06
6687,288,0.0007427007620865108
6687,289,0.0008358530610600731
6687,290,2.7693926721869894e-05
6687,291,3.776444552982258e-05
6687,292,5.0352594039763445e-06
6687,294,1.2588148509940862e-05
6687,295,2.5176297019881722e-06
6687,296,1.7623407913917204e-05
6687,297,2.5176297019881723e-05
6687,305,2.5176297019881722e-06
6687,306,1.2588148509940862e-05
6688,277,7.552889105964516e-06
6688,278,6.29407425497043e-05
6688,279,7.552889105964516e-06
6688,280,2.5176297019881722e-06
6688,281,2.5176297019881722e-06
6688,282,2.5176297019881722e-06
6688,283,1.5105778211929033e-05
6688,284,2.5176297019881722e-06
6688,287,0.0002517629701988172
6688,288,0.0017522702725837678
6688,289,0.00043051467903997746
6688,290,2.5176297019881722e-06
6688,291,7.552889105964516e-06
6688,292,9.06346692715742e-05
6688,293,2.0141037615905378e-05
6688,295,2.5176297019881722e-06
6688,296,2.5176297019881722e-06
6688,297,3.524681582783441e-05
6688,305,1.0070518807952689e-05
6689,283,3.0211556423858065e-05
6689,285,2.5176297019881722e-06
6689,286,4.53173346357871e-05
6689,287,0.0013972844846034357
6689,288,0.0015080601914909152
6689,289,0.00013343437420537313
6689,290,0.000307150823642557
6689,291,2.0141037615905378e-05
6689,292,8.308178016560969e-05
6689,294,1.2588148509940862e-05
6689,296,5.0352594039763445e-06
6689,297,2.5176297019881722e-06
6690,280,5.0352594039763445e-06
6690,281,1.2588148509940862e-05
6690,282,2.5176297019881722e-06
6690,283,2.0141037615905378e-05
6690,286,1.0070518807952689e-05
6690,287,0.00019385748705308926
6690,288,8.559940986759786e-05
6690,289,0.00011077570688747958
6690,290,3.0211556423858065e-05
6690,292,1.2588148509940862e-05
6691,281,2.265866731789355e-05
6691,287,0.00023665719198688817
6691,288,0.0001535754118212785
6691,289,3.0211556423858065e-05
6691,290,5.2870223741751614e-05
6691,292,2.0141037615905378e-05
6691,293,2.5176297019881723e-05
6691,294,7.552889105964516e-06
6691,295,8.811703956958602e-05
6691,296,5.0352594039763445e-06
6692,287,0.00010322281778151505
6692,288,2.5176297019881723e-05
6692,289,0.00013846963360934948
6692,290,2.265866731789355e-05
6692,291,3.524681582783441e-05
6692,292,2.265866731789355e-05
6692,293,8.559940986759786e-05
6692,294,9.06346692715742e-05
6692,295,0.00022155141377495915
6692,296,1.7623407913917204e-05
6693,282,5.0352594039763445e-06
6693,288,1.0070518807952689e-05
6693,289,0.00013343437420537313
6693,290,0.00031218608304653335
6693,291,0.00020896326526501828
6693,292,0.00013343437420537313
6693,293,0.0008786527659938721
6693,294,0.0005790548314572796
6693,295,0.0002442100810928527
6693,296,3.272918612584624e-05
6693,297,2.5176297019881722e-06
6694,282,2.5176297019881722e-06
6694,289,0.00018378696824513657
6694,290,0.00022155141377495915
6694,291,0.0002693863781127344
6694,292,0.00011581096629145593
6694,293,0.0010347458075171388
6694,294,9.315229897356237e-05
6694,295,0.0003272918612584624
6694,296,7.552889105964516e-05
6694,297,2.5176297019881723e-05
6694,298,2.5176297019881722e-06
6695,280,8.056415046362151e-05
6695,281,7.552889105964516e-06
6695,284,3.272918612584624e-05
6695,289,5.0352594039763445e-06
6695,290,3.272918612584624e-05
6695,291,1.7623407913917204e-05
6695,292,1.5105778211929033e-05
6695,293,5.2870223741751614e-05
6695,294,1.0070518807952689e-05
6695,295,1.7623407913917204e-05
6695,297,1.0070518807952689e-05
6696,279,2.7693926721869894e-05
6696,280,6.29407425497043e-05
6696,289,2.0141037615905378e-05
6696,290,1.7623407913917204e-05
6696,291,2.0141037615905378e-05
6696,292,7.552889105964516e-06
6696,293,1.2588148509940862e-05
6696,294,7.552889105964516e-06
6696,295,7.552889105964516e-06
6696,297,2.0141037615905378e-05
6696,298,1.5105778211929033e-05
6696,299,5.790548314572796e-05
6697,279,8.811703956958602e-05
6697,282,1.2588148509940862e-05
6697,289,2.5176297019881722e-06
6697,290,3.776444552982258e-05
6697,291,5.790548314572796e-05
6697,292,7.552889105964516e-06
6697,293,5.0352594039763445e-06
6697,294,5.538785344373979e-05
6697,297,2.5176297019881722e-06
6697,298,8.559940986759786e-05
6697,299,1.0070518807952689e-05
6698,278,2.5176297019881722e-06
6698,279,5.035259403976345e-05
6698,280,5.0352594039763445e-06
6698,283,1.2588148509940862e-05
6698,290,2.265866731789355e-05
6698,291,1.2588148509940862e-05
6698,292,5.0352594039763445e-06
6698,293,7.552889105964516e-06
6698,294,3.272918612584624e-05
6698,298,1.2588148509940862e-05
6698,299,1.2588148509940862e-05
6699,275,5.0352594039763445e-06
6699,279,1.2588148509940862e-05
6699,280,2.5176297019881722e-06
6699,282,7.552889105964516e-06
6699,290,5.0352594039763445e-06
6699,291,2.5176297019881722e-06
6699,292,4.783496433777527e-05
6699,293,7.552889105964516e-06
6699,294,2.5176297019881723e-05
6700,274,2.5176297019881722e-06
6700,280,5.0352594039763445e-06
6700,281,1.5105778211929033e-05
6700,283,0.00014602252271531398
6700,290,0.00026686874841074627
6700,291,6.29407425497043e-05
6700,292,5.2870223741751614e-05
6700,293,2.5176297019881722e-06
6700,294,1.7623407913917204e-05
6700,296,7.552889105964516e-06
6700,299,7.552889105964516e-06
6701,281,1.2588148509940862e-05
6701,283,2.5176297019881722e-06
6701,290,0.0001007051880795269
6701,291,7.804652076163334e-05
6701,292,2.7693926721869894e-05
6701,293,5.035259403976345e-05
6701,296,1.7623407913917204e-05
6702,282,4.783496433777527e-05
6702,283,9.566992867555054e-05
6702,284,0.00015609304152326668
6702,287,2.5176297019881722e-06
6702,289,7.552889105964516e-06
6702,290,3.0211556423858065e-05
6702,292,5.538785344373979e-05
6702,293,0.0003096684533445452
6703,281,2.265866731789355e-05
6703,282,4.0282075231810756e-05
6703,283,9.06346692715742e-05
6703,284,7.552889105964516e-06
6703,289,5.0352594039763445e-06
6703,290,4.0282075231810756e-05
6703,293,2.0141037615905378e-05
6704,278,5.0352594039763445e-06
6704,280,1.0070518807952689e-05
6704,281,0.0001359520039073613
6704,282,4.53173346357871e-05
6704,283,5.035259403976345e-05
6704,284,2.0141037615905378e-05
6704,292,2.5176297019881722e-06
6704,293,0.00010322281778151505
6705,275,2.5176297019881722e-06
6705,277,3.524681582783441e-05
6705,278,3.0211556423858065e-05
6705,279,7.552889105964516e-06
6705,282,5.0352594039763445e-06
6705,283,0.00047331438397377635
6705,284,3.0211556423858065e-05
6705,294,7.552889105964516e-06
6705,295,7.552889105964516e-06
6706,282,3.0211556423858065e-05
6706,283,0.00029456267513261616
6706,284,2.5176297019881722e-06
6706,290,7.552889105964516e-06
6706,293,2.5176297019881723e-05
6707,271,1.0070518807952689e-05
6707,272,1.0070518807952689e-05
6707,273,2.5176297019881722e-06
6707,278,7.552889105964516e-06
6707,281,2.7693926721869894e-05
6707,282,8.559940986759786e-05
6707,283,5.2870223741751614e-05
6707,290,3.776444552982258e-05
6708,264,5.0352594039763445e-06
6708,270,3.272918612584624e-05
6708,271,3.0211556423858065e-05
6708,273,4.53173346357871e-05
6708,281,1.5105778211929033e-05
6708,282,4.279970493379893e-05
6708,283,1.0070518807952689e-05
6708,290,1.2588148509940862e-05
6708,293,2.5176297019881722e-06
6708,295,1.5105778211929033e-05
6709,271,5.0352594039763445e-06
6709,274,7.552889105964516e-06
6709,282,7.552889105964516e-06
6709,283,0.00011329333658946775
6709,289,2.5176297019881722e-06
6709,290,1.0070518807952689e-05
6709,293,3.272918612584624e-05
6710,281,4.279970493379893e-05
6710,282,5.0352594039763445e-06
6710,283,5.0352594039763445e-06
6710,284,1.2588148509940862e-05
6710,288,7.552889105964516e-06
6710,289,0.0001435048930133258
6710,293,2.5176297019881723e-05
6711,280,6.042311284771613e-05
6711,281,7.049363165566881e-05
6711,288,7.552889105964516e-05
6711,289,1.5105778211929033e-05
6711,293,1.2588148509940862e-05
6712,279,2.5176297019881722e-06
6712,280,5.035259403976345e-05
6712,281,3.524681582783441e-05
6712,283,2.5176297019881722e-06
6712,288,5.2870223741751614e-05
6712,289,7.552889105964516e-06
6712,293,5.0352594039763445e-06
6713,279,1.2588148509940862e-05
6713,287,2.5176297019881722e-06
6713,288,7.552889105964516e-06
6713,289,5.790548314572796e-05
6713,293,5.0352594039763445e-06
6714,289,1.0070518807952689e-05
6714,290,7.552889105964516e-06
6715,290,2.265866731789355e-05
6716,290,5.0352594039763445e-06
6717,290,3.776444552982258e-05
6717,291,1.7623407913917204e-05
6719,289,2.5176297019881722e-06
6719,290,2.5176297019881723e-05
6719,291,5.0352594039763445e-06
